script,font_1,font_2,cosine_similarity,cosine_distance
Tamil,"NotoSansTamil[wdth,wght]","NotoSansTamilUI[wdth,wght]",0.9976,0.0024
Tamil,MuktaMalar-Bold,MuktaMalar-ExtraBold,0.9971,0.0029
Tamil,HindMadurai-Bold,HindMadurai-SemiBold,0.9947,0.0053
Tamil,MuktaMalar-Light,MuktaMalar-Regular,0.9942,0.0058
Tamil,MuktaMalar-Bold,MuktaMalar-SemiBold,0.994,0.006
Tamil,HindMadurai-Medium,HindMadurai-SemiBold,0.9939,0.0061
Tamil,MuktaMalar-ExtraLight,MuktaMalar-Light,0.9939,0.0061
Tamil,MuktaMalar-Medium,MuktaMalar-SemiBold,0.9916,0.0084
Tamil,"NotoSerifTamil[wdth,wght]",TiroTamil-Regular,0.9914,0.0086
Tamil,HindMadurai-Light,HindMadurai-Regular,0.9909,0.0091
Tamil,HindMadurai-Medium,HindMadurai-Regular,0.9908,0.0092
Tamil,MuktaMalar-Medium,MuktaMalar-Regular,0.9907,0.0093
Tamil,MuktaMalar-ExtraBold,MuktaMalar-SemiBold,0.99,0.01
Tamil,KarlaTamilUpright-Bold,KarlaTamilUpright-Regular,0.9883,0.0117
Tamil,MuktaMalar-Light,Pavanam-Regular,0.9882,0.0118
Tamil,MuktaMalar-ExtraLight,Pavanam-Regular,0.9871,0.0129
Tamil,"NotoSerifTamil-Italic[wdth,wght]",TiroTamil-Italic,0.9868,0.0132
Tamil,KarlaTamilInclined-Bold,KarlaTamilInclined-Regular,0.986,0.014
Tamil,HindMadurai-Bold,HindMadurai-Medium,0.9849,0.0151
Tamil,"NotoSansTamilUI[wdth,wght]","NotoSerifTamil[wdth,wght]",0.9846,0.0154
Tamil,"NotoSansTamilUI[wdth,wght]",TiroTamil-Regular,0.9844,0.0156
Tamil,"NotoSansTamil[wdth,wght]","NotoSerifTamil[wdth,wght]",0.984,0.016
Tamil,MuktaMalar-ExtraLight,MuktaMalar-Regular,0.9838,0.0162
Tamil,"NotoSansTamil[wdth,wght]",TiroTamil-Regular,0.9832,0.0168
Tamil,MuktaMalar-Light,MuktaMalar-Medium,0.983,0.017
Tamil,MuktaMalar-Bold,MuktaMalar-Medium,0.9827,0.0173
Tamil,KarlaTamilUpright-Bold,MuktaMalar-ExtraBold,0.9825,0.0175
Tamil,HindMadurai-Regular,HindMadurai-SemiBold,0.9824,0.0176
Tamil,Catamaran[wght],MuktaMalar-Light,0.9819,0.0181
Tamil,MuktaMalar-Regular,MuktaMalar-SemiBold,0.9816,0.0184
Tamil,Lohit-Tamil,MuktaMalar-Light,0.9814,0.0186
Tamil,MuktaMalar-Regular,Pavanam-Regular,0.981,0.019
Tamil,KarlaTamilUpright-Bold,MuktaMalar-Bold,0.9796,0.0204
Tamil,Lohit-Tamil,MuktaMalar-Regular,0.9795,0.0205
Tamil,HindMadurai-Light,HindMadurai-Medium,0.9784,0.0216
Tamil,MuktaMalar-ExtraBold,MuktaMalar-Medium,0.9783,0.0217
Tamil,KarlaTamilUpright-Regular,MuktaMalar-SemiBold,0.9781,0.0219
Tamil,Catamaran[wght],MuktaMalar-ExtraLight,0.9776,0.0224
Tamil,KarlaTamilUpright-Bold,MuktaMalar-SemiBold,0.9763,0.0237
Tamil,KarlaTamilUpright-Regular,MuktaMalar-Bold,0.976,0.024
Tamil,"AnekTamil[wdth,wght]",BalooThambi2[wght],0.9758,0.0242
Tamil,KarlaTamilInclined-Bold,MuktaMalar-SemiBold,0.9755,0.0245
Tamil,Catamaran[wght],Pavanam-Regular,0.9754,0.0246
Tamil,Lohit-Tamil,MuktaMalar-ExtraLight,0.9749,0.0251
Tamil,HindMadurai-Light,KarlaTamilUpright-Regular,0.9748,0.0252
Tamil,KarlaTamilInclined-Regular,KarlaTamilUpright-Regular,0.9748,0.0252
Tamil,KarlaTamilUpright-Regular,MuktaMalar-Medium,0.9746,0.0254
Tamil,KarlaTamilUpright-Regular,MuktaMalar-ExtraBold,0.9745,0.0255
Tamil,HindMadurai-Regular,KarlaTamilUpright-Regular,0.9744,0.0256
Tamil,KarlaTamilUpright-Regular,"NotoSansTamil[wdth,wght]",0.9742,0.0258
Tamil,MuktaMalar-Bold,MuktaMalar-Regular,0.9742,0.0258
Tamil,Arima[wght],MuktaMalar-ExtraLight,0.974,0.026
Tamil,Arima[wght],Catamaran[wght],0.9739,0.0261
Tamil,KarlaTamilUpright-Regular,"NotoSansTamilUI[wdth,wght]",0.9738,0.0262
Tamil,"AnekTamil[wdth,wght]",HindMadurai-Regular,0.9736,0.0264
Tamil,BalooThambi2[wght],HindMadurai-Light,0.9733,0.0267
Tamil,"AnekTamil[wdth,wght]",HindMadurai-SemiBold,0.9732,0.0268
Tamil,BalooThambi2[wght],HindMadurai-Regular,0.9732,0.0268
Tamil,Lohit-Tamil,MuktaMalar-Medium,0.9731,0.0269
Tamil,Catamaran[wght],MuktaMalar-Regular,0.9729,0.0271
Tamil,"AnekTamil[wdth,wght]",HindMadurai-Medium,0.9729,0.0271
Tamil,KarlaTamilInclined-Bold,KarlaTamilUpright-Bold,0.9727,0.0273
Tamil,KarlaTamilInclined-Regular,MuktaMalar-Medium,0.9727,0.0273
Tamil,MuktaMalar-Light,MuktaMalar-SemiBold,0.9724,0.0276
Tamil,MuktaMalar-ExtraBold,"NotoSansTamil[wdth,wght]",0.9723,0.0277
Tamil,KarlaTamilInclined-Bold,KarlaTamilUpright-Regular,0.9716,0.0284
Tamil,KarlaTamilInclined-Bold,MuktaMalar-Bold,0.9715,0.0285
Tamil,MuktaMalar-ExtraBold,"NotoSansTamilUI[wdth,wght]",0.9715,0.0285
Tamil,MuktaMalar-SemiBold,"NotoSansTamil[wdth,wght]",0.9712,0.0288
Tamil,Arima[wght],MuktaMalar-Light,0.9711,0.0289
Tamil,MuktaMalar-Bold,"NotoSansTamil[wdth,wght]",0.9711,0.0289
Tamil,HindMadurai-Medium,"NotoSansTamilUI[wdth,wght]",0.971,0.029
Tamil,KarlaTamilInclined-Bold,MuktaMalar-ExtraBold,0.971,0.029
Tamil,Catamaran[wght],Lohit-Tamil,0.9706,0.0294
Tamil,MuktaMalar-Medium,Pavanam-Regular,0.9706,0.0294
Tamil,HindMadurai-Bold,HindMadurai-Regular,0.9706,0.0294
Tamil,Lohit-Tamil,Pavanam-Regular,0.9706,0.0294
Tamil,HindMadurai-Regular,KarlaTamilUpright-Bold,0.9706,0.0294
Tamil,MuktaMalar-ExtraLight,MuktaMalar-Medium,0.9705,0.0295
Tamil,MuktaMalar-Bold,"NotoSansTamilUI[wdth,wght]",0.9705,0.0295
Tamil,HindMadurai-Medium,"NotoSansTamil[wdth,wght]",0.9702,0.0298
Tamil,MuktaMalar-SemiBold,"NotoSansTamilUI[wdth,wght]",0.9701,0.0299
Tamil,KarlaTamilInclined-Regular,MuktaMalar-SemiBold,0.97,0.03
Tamil,HindMadurai-Regular,"NotoSansTamil[wdth,wght]",0.97,0.03
Tamil,Catamaran[wght],MuktaMalar-Medium,0.97,0.03
Tamil,HindMadurai-Light,HindMadurai-SemiBold,0.9698,0.0302
Tamil,KarlaTamilUpright-Regular,MuktaMalar-Regular,0.9695,0.0305
Tamil,HindMadurai-Medium,"NotoSerifTamil[wdth,wght]",0.9693,0.0307
Tamil,Arima[wght],Pavanam-Regular,0.9693,0.0307
Tamil,KarlaTamilUpright-Bold,MuktaMalar-Medium,0.9692,0.0308
Tamil,KarlaTamilUpright-Regular,TiroTamil-Regular,0.9692,0.0308
Tamil,KarlaTamilInclined-Bold,MuktaMalar-Medium,0.969,0.031
Tamil,HindMadurai-Regular,"NotoSansTamilUI[wdth,wght]",0.9689,0.0311
Tamil,MuktaMalar-ExtraBold,MuktaMalar-Regular,0.9688,0.0312
Tamil,HindMadurai-Medium,TiroTamil-Regular,0.9688,0.0312
Tamil,"AnekTamil[wdth,wght]",HindMadurai-Light,0.9684,0.0316
Tamil,KarlaTamilUpright-Bold,"NotoSansTamilUI[wdth,wght]",0.9681,0.0319
Tamil,Lohit-Tamil,MuktaMalar-SemiBold,0.9681,0.0319
Tamil,KarlaTamilInclined-Regular,Lohit-Tamil,0.9677,0.0323
Tamil,HindMadurai-Medium,KarlaTamilUpright-Bold,0.9676,0.0324
Tamil,KarlaTamilUpright-Bold,"NotoSansTamil[wdth,wght]",0.9673,0.0327
Tamil,Catamaran[wght],HindMadurai-Light,0.9671,0.0329
Tamil,BalooThambi2[wght],HindMadurai-Medium,0.967,0.033
Tamil,KarlaTamilInclined-Regular,MuktaMalar-Regular,0.9669,0.0331
Tamil,KarlaTamilUpright-Regular,"NotoSerifTamil[wdth,wght]",0.9666,0.0334
Tamil,"AnekTamil[wdth,wght]",HindMadurai-Bold,0.9666,0.0334
Tamil,KarlaTamilInclined-Regular,MuktaMalar-Light,0.9666,0.0334
Tamil,KarlaTamilUpright-Regular,MuktaMalar-Light,0.9665,0.0335
Tamil,KarlaTamilUpright-Regular,Lohit-Tamil,0.9662,0.0338
Tamil,HindMadurai-SemiBold,"NotoSansTamilUI[wdth,wght]",0.966,0.034
Tamil,HindMadurai-Medium,KarlaTamilUpright-Regular,0.9658,0.0342
Tamil,BalooThambi2[wght],KarlaTamilUpright-Regular,0.9657,0.0343
Tamil,HindMadurai-Light,"NotoSansTamil[wdth,wght]",0.9656,0.0344
Tamil,HindMadurai-Light,"NotoSansTamilUI[wdth,wght]",0.9652,0.0348
Tamil,BalooThambi2[wght],"NotoSansTamilUI[wdth,wght]",0.9652,0.0348
Tamil,MuktaMalar-Medium,"NotoSansTamil[wdth,wght]",0.9652,0.0348
Tamil,HindMadurai-SemiBold,TiroTamil-Regular,0.9651,0.0349
Tamil,Catamaran[wght],KarlaTamilUpright-Regular,0.9649,0.0351
Tamil,BalooThambi2[wght],"NotoSansTamil[wdth,wght]",0.9648,0.0352
Tamil,HindMadurai-SemiBold,"NotoSansTamil[wdth,wght]",0.9647,0.0353
Tamil,HindMadurai-SemiBold,"NotoSerifTamil[wdth,wght]",0.9643,0.0357
Tamil,HindMadurai-SemiBold,KarlaTamilUpright-Bold,0.9641,0.0359
Tamil,HindMadurai-Regular,"NotoSerifTamil[wdth,wght]",0.9637,0.0363
Tamil,HindMadurai-Regular,TiroTamil-Regular,0.9636,0.0364
Tamil,HindMadurai-Light,KarlaTamilUpright-Bold,0.9635,0.0365
Tamil,"AnekTamil[wdth,wght]","NotoSansTamil[wdth,wght]",0.9632,0.0368
Tamil,KarlaTamilInclined-Bold,MuktaMalar-Regular,0.9631,0.0369
Tamil,Catamaran[wght],MuktaMalar-SemiBold,0.963,0.037
Tamil,"AnekTamil[wdth,wght]","NotoSansTamilUI[wdth,wght]",0.9627,0.0373
Tamil,HindMadurai-Light,TiroTamil-Regular,0.9627,0.0373
Tamil,BalooThambi2[wght],Catamaran[wght],0.9625,0.0375
Tamil,KarlaTamilInclined-Regular,KarlaTamilUpright-Bold,0.9624,0.0376
Tamil,MuktaMalar-Medium,"NotoSansTamilUI[wdth,wght]",0.9623,0.0377
Tamil,MuktaMalar-Bold,MuktaMalar-Light,0.9616,0.0384
Tamil,HindMadurai-Regular,MuktaMalar-ExtraBold,0.9616,0.0384
Tamil,HindMadurai-Regular,MuktaMalar-SemiBold,0.9615,0.0385
Tamil,KarlaTamilUpright-Bold,TiroTamil-Regular,0.9614,0.0386
Tamil,"AnekTamil[wdth,wght]",KarlaTamilUpright-Regular,0.9612,0.0388
Tamil,HindMadurai-Bold,KarlaTamilUpright-Bold,0.9611,0.0389
Tamil,HindMadurai-Regular,MuktaMalar-Bold,0.9609,0.0391
Tamil,HindMadurai-Light,"NotoSerifTamil[wdth,wght]",0.9607,0.0393
Tamil,"AnekTamil[wdth,wght]","NotoSerifTamil[wdth,wght]",0.9607,0.0393
Tamil,KarlaTamilInclined-Regular,MuktaMalar-Bold,0.9604,0.0396
Tamil,KarlaTamilUpright-Bold,MuktaMalar-Regular,0.9604,0.0396
Tamil,Catamaran[wght],"NotoSansTamil[wdth,wght]",0.9603,0.0397
Tamil,KarlaTamilInclined-Bold,Lohit-Tamil,0.9599,0.0401
Tamil,Arima[wght],Lohit-Tamil,0.9599,0.0401
Tamil,"AnekTamil[wdth,wght]",TiroTamil-Regular,0.9597,0.0403
Tamil,MuktaMalar-ExtraBold,TiroTamil-Regular,0.9592,0.0408
Tamil,MuktaMalar-SemiBold,Pavanam-Regular,0.9592,0.0408
Tamil,KarlaTamilInclined-Regular,MuktaMalar-ExtraLight,0.9592,0.0408
Tamil,Arima[wght],MuktaMalar-Regular,0.9589,0.0411
Tamil,BalooThambi2[wght],KarlaTamilUpright-Bold,0.9586,0.0414
Tamil,KarlaTamilUpright-Bold,"NotoSerifTamil[wdth,wght]",0.9586,0.0414
Tamil,BalooThambi2[wght],MuktaMalar-Bold,0.9586,0.0414
Tamil,MuktaMalar-ExtraBold,"NotoSerifTamil[wdth,wght]",0.9585,0.0415
Tamil,Catamaran[wght],KarlaTamilInclined-Regular,0.9584,0.0416
Tamil,BalooThambi2[wght],MuktaMalar-SemiBold,0.9584,0.0416
Tamil,HindMadurai-Bold,TiroTamil-Regular,0.9583,0.0417
Tamil,HindMadurai-Bold,"NotoSansTamilUI[wdth,wght]",0.9582,0.0418
Tamil,HindMadurai-Medium,MuktaMalar-ExtraBold,0.9581,0.0419
Tamil,BalooThambi2[wght],"NotoSerifTamil[wdth,wght]",0.9581,0.0419
Tamil,BalooThambi2[wght],MuktaMalar-Medium,0.958,0.042
Tamil,BalooThambi2[wght],MuktaMalar-ExtraBold,0.9579,0.0421
Tamil,HindMadurai-Bold,"NotoSerifTamil[wdth,wght]",0.9575,0.0425
Tamil,BalooThambi2[wght],HindMadurai-SemiBold,0.9574,0.0426
Tamil,HindMadurai-Light,MuktaMalar-Medium,0.9574,0.0426
Tamil,"NotoSerifTamil-Italic[wdth,wght]","NotoSerifTamil[wdth,wght]",0.9573,0.0427
Tamil,HindMadurai-Bold,"NotoSansTamil[wdth,wght]",0.9572,0.0428
Tamil,"NotoSerifTamil-Italic[wdth,wght]",TiroTamil-Regular,0.9572,0.0428
Tamil,MuktaMalar-Bold,TiroTamil-Regular,0.9571,0.0429
Tamil,Catamaran[wght],"NotoSansTamilUI[wdth,wght]",0.9571,0.0429
Tamil,Lohit-Tamil,MuktaMalar-Bold,0.9571,0.0429
Tamil,"NotoSansTamilUI[wdth,wght]","NotoSerifTamil-Italic[wdth,wght]",0.9571,0.0429
Tamil,HindMadurai-Light,MuktaMalar-Light,0.9569,0.0431
Tamil,MuktaMalar-Bold,"NotoSerifTamil[wdth,wght]",0.9568,0.0432
Tamil,HindMadurai-SemiBold,KarlaTamilUpright-Regular,0.9567,0.0433
Tamil,"AnekTamil[wdth,wght]",KarlaTamilUpright-Bold,0.9566,0.0434
Tamil,KarlaTamilInclined-Regular,MuktaMalar-ExtraBold,0.9565,0.0435
Tamil,KarlaTamilInclined-Bold,MeeraInimai-Regular,0.9565,0.0435
Tamil,HindMadurai-Light,MuktaMalar-SemiBold,0.9565,0.0435
Tamil,KarlaTamilUpright-Regular,MuktaMalar-ExtraLight,0.9564,0.0436
Tamil,KarlaTamilInclined-Regular,Pavanam-Regular,0.9561,0.0439
Tamil,MuktaMalar-SemiBold,TiroTamil-Regular,0.9561,0.0439
Tamil,Coiny-Regular,HindMadurai-Bold,0.9561,0.0439
Tamil,MuktaMalar-ExtraLight,MuktaMalar-SemiBold,0.956,0.044
Tamil,MuktaMalar-SemiBold,"NotoSerifTamil[wdth,wght]",0.956,0.044
Tamil,BalooThambi2[wght],TiroTamil-Regular,0.9559,0.0441
Tamil,HindMadurai-Regular,MuktaMalar-Medium,0.9559,0.0441
Tamil,MeeraInimai-Regular,MuktaMalar-SemiBold,0.9556,0.0444
Tamil,HindMadurai-Bold,HindMadurai-Light,0.9555,0.0445
Tamil,"NotoSansTamil[wdth,wght]","NotoSerifTamil-Italic[wdth,wght]",0.9553,0.0447
Tamil,TiroTamil-Italic,TiroTamil-Regular,0.9552,0.0448
Tamil,Catamaran[wght],HindMadurai-Regular,0.9551,0.0449
Tamil,KarlaTamilUpright-Regular,MeeraInimai-Regular,0.9548,0.0452
Tamil,HindMadurai-SemiBold,MuktaMalar-ExtraBold,0.9544,0.0456
Tamil,KarlaTamilInclined-Regular,MeeraInimai-Regular,0.9543,0.0457
Tamil,MuktaMalar-Regular,"NotoSansTamil[wdth,wght]",0.9543,0.0457
Tamil,"AnekTamil[wdth,wght]",MuktaMalar-ExtraBold,0.9543,0.0457
Tamil,HindMadurai-Bold,MuktaMalar-ExtraBold,0.9542,0.0458
Tamil,MuktaMalar-ExtraBold,MuktaMalar-Light,0.9541,0.0459
Tamil,BalooThambi2[wght],KarlaTamilInclined-Regular,0.954,0.046
Tamil,HindMadurai-Light,MuktaMalar-Regular,0.9539,0.0461
Tamil,KarlaTamilInclined-Bold,MuktaMalar-Light,0.9539,0.0461
Tamil,KarlaTamilUpright-Regular,Pavanam-Regular,0.9537,0.0463
Tamil,HindMadurai-Medium,MuktaMalar-Bold,0.9537,0.0463
Tamil,Arima[wght],KarlaTamilInclined-Regular,0.9536,0.0464
Tamil,Arima[wght],MuktaMalar-Medium,0.9535,0.0465
Tamil,MeeraInimai-Regular,"NotoSerifTamil[wdth,wght]",0.9534,0.0466
Tamil,MeeraInimai-Regular,MuktaMalar-Bold,0.9534,0.0466
Tamil,MeeraInimai-Regular,MuktaMalar-ExtraBold,0.9528,0.0472
Tamil,HindMadurai-Light,MuktaMalar-Bold,0.9527,0.0473
Tamil,KarlaTamilUpright-Bold,Lohit-Tamil,0.9527,0.0473
Tamil,Catamaran[wght],MuktaMalar-Bold,0.9526,0.0474
Tamil,HindMadurai-Light,Pavanam-Regular,0.9522,0.0478
Tamil,BalooThambi2[wght],MuktaMalar-Regular,0.9522,0.0478
Tamil,BalooThambi2[wght],MuktaMalar-Light,0.9521,0.0479
Tamil,"AnekTamil[wdth,wght]",MuktaMalar-SemiBold,0.9518,0.0482
Tamil,HindMadurai-Light,MuktaMalar-ExtraBold,0.9517,0.0483
Tamil,MuktaMalar-Light,"NotoSansTamil[wdth,wght]",0.9516,0.0484
Tamil,HindMadurai-Light,KarlaTamilInclined-Regular,0.9513,0.0487
Tamil,Coiny-Regular,HindMadurai-SemiBold,0.9512,0.0488
Tamil,HindMadurai-Light,Lohit-Tamil,0.951,0.049
Tamil,MuktaMalar-Regular,"NotoSansTamilUI[wdth,wght]",0.951,0.049
Tamil,HindMadurai-Light,MuktaMalar-ExtraLight,0.9509,0.0491
Tamil,HindMadurai-Medium,MuktaMalar-SemiBold,0.9508,0.0492
Tamil,Lohit-Tamil,MeeraInimai-Regular,0.9507,0.0493
Tamil,Arima[wght],KarlaTamilUpright-Regular,0.9507,0.0493
Tamil,"NotoSansTamilUI[wdth,wght]",TiroTamil-Italic,0.9507,0.0493
Tamil,Lohit-Tamil,MuktaMalar-ExtraBold,0.9506,0.0494
Tamil,MeeraInimai-Regular,"NotoSansTamil[wdth,wght]",0.9506,0.0494
Tamil,KarlaTamilInclined-Regular,"NotoSansTamil[wdth,wght]",0.9504,0.0496
Tamil,Catamaran[wght],"NotoSerifTamil[wdth,wght]",0.9503,0.0497
Tamil,"AnekTamil[wdth,wght]",MuktaMalar-Bold,0.95,0.05
Tamil,KarlaTamilUpright-Bold,MuktaMalar-Light,0.9499,0.0501
Tamil,MuktaMalar-Medium,"NotoSerifTamil[wdth,wght]",0.9497,0.0503
Tamil,Arima[wght],HindMadurai-Light,0.9497,0.0503
Tamil,KarlaTamilUpright-Bold,MeeraInimai-Regular,0.9495,0.0505
Tamil,BalooThambi2[wght],Kavivanar-Regular,0.9495,0.0505
Tamil,MuktaMalar-Medium,TiroTamil-Regular,0.9492,0.0508
Tamil,BalooThambi2[wght],KarlaTamilInclined-Bold,0.949,0.051
Tamil,Lohit-Tamil,"NotoSansTamil[wdth,wght]",0.9489,0.0511
Tamil,Catamaran[wght],TiroTamil-Regular,0.9489,0.0511
Tamil,"AnekTamil[wdth,wght]",MuktaMalar-Medium,0.9487,0.0513
Tamil,HindMadurai-Regular,MuktaMalar-Regular,0.9483,0.0517
Tamil,"NotoSerifTamil[wdth,wght]",TiroTamil-Italic,0.9483,0.0517
Tamil,HindMadurai-Regular,KarlaTamilInclined-Regular,0.9483,0.0517
Tamil,"NotoSansTamil[wdth,wght]",TiroTamil-Italic,0.9481,0.0519
Tamil,MeeraInimai-Regular,TiroTamil-Regular,0.9478,0.0522
Tamil,MuktaMalar-Light,"NotoSansTamilUI[wdth,wght]",0.9478,0.0522
Tamil,KarlaTamilInclined-Regular,"NotoSansTamilUI[wdth,wght]",0.9478,0.0522
Tamil,KarlaTamilInclined-Bold,"NotoSansTamil[wdth,wght]",0.9476,0.0524
Tamil,BalooThambi2[wght],Pavanam-Regular,0.9474,0.0526
Tamil,HindMadurai-Regular,KarlaTamilInclined-Bold,0.9472,0.0528
Tamil,MeeraInimai-Regular,"NotoSansTamilUI[wdth,wght]",0.9472,0.0528
Tamil,HindMadurai-Regular,MuktaMalar-Light,0.9472,0.0528
Tamil,HindMadurai-SemiBold,MuktaMalar-Bold,0.9471,0.0529
Tamil,MeeraInimai-Regular,MuktaMalar-Medium,0.9471,0.0529
Tamil,HindMadurai-Medium,"NotoSerifTamil-Italic[wdth,wght]",0.947,0.053
Tamil,HindMadurai-Bold,KarlaTamilUpright-Regular,0.9468,0.0532
Tamil,Arima[wght],BalooThambi2[wght],0.9468,0.0532
Tamil,KarlaTamilInclined-Regular,Kavivanar-Regular,0.9467,0.0533
Tamil,BalooThambi2[wght],HindMadurai-Bold,0.9466,0.0534
Tamil,HindMadurai-Regular,"NotoSerifTamil-Italic[wdth,wght]",0.9465,0.0535
Tamil,MuktaMalar-Bold,Pavanam-Regular,0.9463,0.0537
Tamil,"AnekTamil[wdth,wght]",Catamaran[wght],0.9461,0.0539
Tamil,Catamaran[wght],MuktaMalar-ExtraBold,0.9459,0.0541
Tamil,KarlaTamilUpright-Regular,"NotoSerifTamil-Italic[wdth,wght]",0.9457,0.0543
Tamil,HindMadurai-Regular,Lohit-Tamil,0.9454,0.0546
Tamil,KarlaTamilInclined-Bold,"NotoSansTamilUI[wdth,wght]",0.9451,0.0549
Tamil,Catamaran[wght],KarlaTamilUpright-Bold,0.945,0.055
Tamil,BalooThambi2[wght],"NotoSerifTamil-Italic[wdth,wght]",0.9448,0.0552
Tamil,HindMadurai-Light,"NotoSerifTamil-Italic[wdth,wght]",0.9447,0.0553
Tamil,HindMadurai-Bold,MuktaMalar-Bold,0.9445,0.0555
Tamil,Lohit-Tamil,"NotoSansTamilUI[wdth,wght]",0.9441,0.0559
Tamil,MuktaMalar-Bold,MuktaMalar-ExtraLight,0.9435,0.0565
Tamil,"AnekTamil[wdth,wght]",MeeraInimai-Regular,0.9435,0.0565
Tamil,HindMadurai-SemiBold,MuktaMalar-SemiBold,0.9433,0.0567
Tamil,BalooThambi2[wght],MuktaMalar-ExtraLight,0.9431,0.0569
Tamil,Catamaran[wght],KarlaTamilInclined-Bold,0.9425,0.0575
Tamil,HindMadurai-Regular,MeeraInimai-Regular,0.9425,0.0575
Tamil,HindMadurai-Regular,Pavanam-Regular,0.9424,0.0576
Tamil,BalooThambi2[wght],MeeraInimai-Regular,0.9424,0.0576
Tamil,HindMadurai-Medium,MeeraInimai-Regular,0.9422,0.0578
Tamil,Lohit-Tamil,TiroTamil-Regular,0.9421,0.0579
Tamil,BalooThambi2[wght],Lohit-Tamil,0.9415,0.0585
Tamil,Coiny-Regular,HindMadurai-Medium,0.9414,0.0586
Tamil,KarlaTamilInclined-Bold,MuktaMalar-ExtraLight,0.9414,0.0586
Tamil,KarlaTamilInclined-Bold,Pavanam-Regular,0.9414,0.0586
Tamil,KarlaTamilInclined-Regular,TiroTamil-Regular,0.9413,0.0587
Tamil,HindMadurai-Light,KarlaTamilInclined-Bold,0.941,0.059
Tamil,KarlaTamilInclined-Regular,"NotoSerifTamil-Italic[wdth,wght]",0.941,0.059
Tamil,Kavivanar-Regular,"NotoSerifTamil-Italic[wdth,wght]",0.9409,0.0591
Tamil,HindMadurai-Medium,MuktaMalar-Medium,0.9407,0.0593
Tamil,"AnekTamil[wdth,wght]",MuktaMalar-Regular,0.9403,0.0597
Tamil,KarlaTamilUpright-Bold,"NotoSerifTamil-Italic[wdth,wght]",0.9402,0.0598
Tamil,Lohit-Tamil,"NotoSerifTamil[wdth,wght]",0.9401,0.0599
Tamil,Arima[wght],MuktaMalar-SemiBold,0.9397,0.0603
Tamil,MuktaMalar-ExtraBold,Pavanam-Regular,0.9395,0.0605
Tamil,Arima[wght],"NotoSansTamil[wdth,wght]",0.9393,0.0607
Tamil,KarlaTamilInclined-Regular,"NotoSerifTamil[wdth,wght]",0.9389,0.0611
Tamil,HindMadurai-SemiBold,"NotoSerifTamil-Italic[wdth,wght]",0.9388,0.0612
Tamil,MuktaMalar-Regular,TiroTamil-Regular,0.9386,0.0614
Tamil,MuktaMalar-Light,TiroTamil-Regular,0.9385,0.0615
Tamil,HindMadurai-Bold,MuktaMalar-SemiBold,0.9384,0.0616
Tamil,MuktaMalar-Bold,"NotoSerifTamil-Italic[wdth,wght]",0.9384,0.0616
Tamil,MuktaMalar-ExtraBold,"NotoSerifTamil-Italic[wdth,wght]",0.9382,0.0618
Tamil,MuktaMalar-Regular,"NotoSerifTamil[wdth,wght]",0.9382,0.0618
Tamil,"NotoSansTamil[wdth,wght]",Pavanam-Regular,0.9382,0.0618
Tamil,Kavivanar-Regular,TiroTamil-Italic,0.9379,0.0621
Tamil,KarlaTamilUpright-Regular,TiroTamil-Italic,0.9376,0.0624
Tamil,MuktaMalar-Light,"NotoSerifTamil[wdth,wght]",0.9375,0.0625
Tamil,BalooThambi2[wght],TiroTamil-Italic,0.9372,0.0628
Tamil,KarlaTamilInclined-Bold,"NotoSerifTamil-Italic[wdth,wght]",0.9371,0.0629
Tamil,MeeraInimai-Regular,MuktaMalar-Regular,0.937,0.063
Tamil,HindMadurai-Medium,TiroTamil-Italic,0.9369,0.0631
Tamil,Arima[wght],HindMadurai-Regular,0.9369,0.0631
Tamil,Arima[wght],"NotoSansTamilUI[wdth,wght]",0.9368,0.0632
Tamil,HindMadurai-Medium,KarlaTamilInclined-Bold,0.9364,0.0636
Tamil,"AnekTamil[wdth,wght]",MuktaMalar-Light,0.9363,0.0637
Tamil,KarlaTamilUpright-Bold,Pavanam-Regular,0.9362,0.0638
Tamil,HindMadurai-Medium,KarlaTamilInclined-Regular,0.9362,0.0638
Tamil,HindMadurai-Regular,MuktaMalar-ExtraLight,0.9357,0.0643
Tamil,HindMadurai-SemiBold,MeeraInimai-Regular,0.9357,0.0643
Tamil,"NotoSansTamilUI[wdth,wght]",Pavanam-Regular,0.9355,0.0645
Tamil,KarlaTamilInclined-Bold,Kavivanar-Regular,0.9355,0.0645
Tamil,MuktaMalar-ExtraLight,"NotoSansTamil[wdth,wght]",0.9354,0.0646
Tamil,MuktaMalar-SemiBold,"NotoSerifTamil-Italic[wdth,wght]",0.9348,0.0652
Tamil,Coiny-Regular,KarlaTamilUpright-Bold,0.9348,0.0652
Tamil,KarlaTamilInclined-Bold,TiroTamil-Regular,0.9347,0.0653
Tamil,Arima[wght],"NotoSerifTamil[wdth,wght]",0.9347,0.0653
Tamil,HindMadurai-Regular,TiroTamil-Italic,0.9346,0.0654
Tamil,"AnekTamil[wdth,wght]",KarlaTamilInclined-Regular,0.9346,0.0654
Tamil,MuktaMalar-ExtraBold,MuktaMalar-ExtraLight,0.9343,0.0657
Tamil,KarlaTamilUpright-Bold,MuktaMalar-ExtraLight,0.934,0.066
Tamil,HindMadurai-Light,MeeraInimai-Regular,0.9339,0.0661
Tamil,MeeraInimai-Regular,MuktaMalar-Light,0.9336,0.0664
Tamil,"AnekTamil[wdth,wght]",Pavanam-Regular,0.9333,0.0667
Tamil,"AnekTamil[wdth,wght]",Lohit-Tamil,0.9331,0.0669
Tamil,Catamaran[wght],MeeraInimai-Regular,0.933,0.067
Tamil,Catamaran[wght],HindMadurai-Medium,0.933,0.067
Tamil,HindMadurai-Light,TiroTamil-Italic,0.933,0.067
Tamil,KarlaTamilInclined-Bold,"NotoSerifTamil[wdth,wght]",0.933,0.067
Tamil,KarlaTamilUpright-Bold,TiroTamil-Italic,0.9326,0.0674
Tamil,KarlaTamilInclined-Bold,TiroTamil-Italic,0.9326,0.0674
Tamil,MuktaMalar-ExtraBold,TiroTamil-Italic,0.9325,0.0675
Tamil,KarlaTamilInclined-Regular,TiroTamil-Italic,0.9322,0.0678
Tamil,HindMadurai-SemiBold,MuktaMalar-Medium,0.9322,0.0678
Tamil,HindMadurai-Light,Kavivanar-Regular,0.9321,0.0679
Tamil,Coiny-Regular,MuktaMalar-ExtraBold,0.932,0.068
Tamil,"AnekTamil[wdth,wght]",KarlaTamilInclined-Bold,0.9317,0.0683
Tamil,Arima[wght],TiroTamil-Regular,0.9316,0.0684
Tamil,HindMadurai-SemiBold,TiroTamil-Italic,0.9316,0.0684
Tamil,MuktaMalar-ExtraLight,"NotoSansTamilUI[wdth,wght]",0.9312,0.0688
Tamil,Coiny-Regular,HindMadurai-Regular,0.9312,0.0688
Tamil,HindMadurai-Bold,MeeraInimai-Regular,0.931,0.069
Tamil,HindMadurai-Bold,"NotoSerifTamil-Italic[wdth,wght]",0.9306,0.0694
Tamil,"AnekTamil[wdth,wght]",Coiny-Regular,0.9302,0.0698
Tamil,MuktaMalar-Bold,TiroTamil-Italic,0.9301,0.0699
Tamil,HindMadurai-Regular,Kavivanar-Regular,0.9301,0.0699
Tamil,Kavivanar-Regular,MuktaMalar-Light,0.9296,0.0704
Tamil,"AnekTamil[wdth,wght]",Arima[wght],0.9294,0.0706
Tamil,Kavivanar-Regular,MuktaMalar-Regular,0.9288,0.0712
Tamil,Catamaran[wght],"NotoSerifTamil-Italic[wdth,wght]",0.9287,0.0713
Tamil,Kavivanar-Regular,"NotoSansTamilUI[wdth,wght]",0.9287,0.0713
Tamil,Catamaran[wght],Kavivanar-Regular,0.9286,0.0714
Tamil,Kavivanar-Regular,"NotoSansTamil[wdth,wght]",0.9283,0.0717
Tamil,Arima[wght],MuktaMalar-Bold,0.9278,0.0722
Tamil,Kavivanar-Regular,Pavanam-Regular,0.9277,0.0723
Tamil,HindMadurai-SemiBold,KarlaTamilInclined-Bold,0.9273,0.0727
Tamil,MuktaMalar-Medium,"NotoSerifTamil-Italic[wdth,wght]",0.9273,0.0727
Tamil,"AnekTamil[wdth,wght]","NotoSerifTamil-Italic[wdth,wght]",0.9272,0.0728
Tamil,HindMadurai-Medium,MuktaMalar-Regular,0.9271,0.0729
Tamil,HindMadurai-Bold,MuktaMalar-Medium,0.9264,0.0736
Tamil,MeeraInimai-Regular,Pavanam-Regular,0.9263,0.0737
Tamil,"AnekTamil[wdth,wght]",MuktaMalar-ExtraLight,0.9262,0.0738
Tamil,Arima[wght],KarlaTamilInclined-Bold,0.9262,0.0738
Tamil,Kavivanar-Regular,MuktaMalar-Medium,0.9257,0.0743
Tamil,Arima[wght],Kavivanar-Regular,0.9254,0.0746
Tamil,HindMadurai-Bold,TiroTamil-Italic,0.9251,0.0749
Tamil,KarlaTamilUpright-Regular,Kavivanar-Regular,0.9249,0.0751
Tamil,MuktaMalar-SemiBold,TiroTamil-Italic,0.9248,0.0752
Tamil,HindMadurai-Medium,Lohit-Tamil,0.9245,0.0755
Tamil,Kavivanar-Regular,MuktaMalar-ExtraLight,0.9242,0.0758
Tamil,HindMadurai-Medium,MuktaMalar-Light,0.9235,0.0765
Tamil,"NotoSerifTamil[wdth,wght]",Pavanam-Regular,0.9234,0.0766
Tamil,Arima[wght],KarlaTamilUpright-Bold,0.9232,0.0768
Tamil,Pavanam-Regular,TiroTamil-Regular,0.9231,0.0769
Tamil,HindMadurai-SemiBold,KarlaTamilInclined-Regular,0.9229,0.0771
Tamil,MuktaMalar-ExtraLight,TiroTamil-Regular,0.9229,0.0771
Tamil,Coiny-Regular,"NotoSansTamilUI[wdth,wght]",0.9227,0.0773
Tamil,Coiny-Regular,TiroTamil-Regular,0.9227,0.0773
Tamil,Kavivanar-Regular,MuktaMalar-SemiBold,0.9226,0.0774
Tamil,HindMadurai-Medium,Kavivanar-Regular,0.9224,0.0776
Tamil,Kavivanar-Regular,MuktaMalar-Bold,0.9222,0.0778
Tamil,HindMadurai-Bold,KarlaTamilInclined-Bold,0.922,0.078
Tamil,Coiny-Regular,"NotoSansTamil[wdth,wght]",0.9218,0.0782
Tamil,Coiny-Regular,MuktaMalar-Bold,0.9215,0.0785
Tamil,MuktaMalar-ExtraLight,"NotoSerifTamil[wdth,wght]",0.9211,0.0789
Tamil,"AnekTamil[wdth,wght]",TiroTamil-Italic,0.9209,0.0791
Tamil,Arima[wght],MuktaMalar-ExtraBold,0.9204,0.0796
Tamil,Catamaran[wght],HindMadurai-SemiBold,0.9203,0.0797
Tamil,MuktaMalar-Regular,"NotoSerifTamil-Italic[wdth,wght]",0.9202,0.0798
Tamil,MeeraInimai-Regular,"NotoSerifTamil-Italic[wdth,wght]",0.9199,0.0801
Tamil,Kavivanar-Regular,MuktaMalar-ExtraBold,0.9198,0.0802
Tamil,MeeraInimai-Regular,MuktaMalar-ExtraLight,0.9197,0.0803
Tamil,Arima[wght],MeeraInimai-Regular,0.9191,0.0809
Tamil,BalooThambi2[wght],Coiny-Regular,0.9184,0.0816
Tamil,"AnekTamil[wdth,wght]",Kavivanar-Regular,0.9182,0.0818
Tamil,Kavivanar-Regular,Lohit-Tamil,0.9181,0.0819
Tamil,Lohit-Tamil,"NotoSerifTamil-Italic[wdth,wght]",0.9179,0.0821
Tamil,MuktaMalar-Light,"NotoSerifTamil-Italic[wdth,wght]",0.9178,0.0822
Tamil,HindMadurai-Medium,Pavanam-Regular,0.9178,0.0822
Tamil,Coiny-Regular,"NotoSerifTamil[wdth,wght]",0.9175,0.0825
Tamil,HindMadurai-SemiBold,MuktaMalar-Regular,0.9175,0.0825
Tamil,Catamaran[wght],TiroTamil-Italic,0.9168,0.0832
Tamil,MuktaMalar-Medium,TiroTamil-Italic,0.9161,0.0839
Tamil,Arima[wght],"NotoSerifTamil-Italic[wdth,wght]",0.9154,0.0846
Tamil,Coiny-Regular,HindMadurai-Light,0.9153,0.0847
Tamil,Arima[wght],HindMadurai-Medium,0.915,0.085
Tamil,KarlaTamilUpright-Bold,Kavivanar-Regular,0.9139,0.0861
Tamil,HindMadurai-SemiBold,Lohit-Tamil,0.9135,0.0865
Tamil,MeeraInimai-Regular,TiroTamil-Italic,0.9125,0.0875
Tamil,Kavivanar-Regular,MeeraInimai-Regular,0.9124,0.0876
Tamil,Kavivanar-Regular,TiroTamil-Regular,0.9122,0.0878
Tamil,HindMadurai-Bold,KarlaTamilInclined-Regular,0.9116,0.0884
Tamil,Coiny-Regular,MuktaMalar-SemiBold,0.9112,0.0888
Tamil,Kavivanar-Regular,"NotoSerifTamil[wdth,wght]",0.911,0.089
Tamil,Coiny-Regular,KarlaTamilUpright-Regular,0.9109,0.0891
Tamil,HindMadurai-Bold,MuktaMalar-Regular,0.9109,0.0891
Tamil,MuktaMalar-Regular,TiroTamil-Italic,0.9108,0.0892
Tamil,Coiny-Regular,TiroTamil-Italic,0.9107,0.0893
Tamil,HindMadurai-SemiBold,MuktaMalar-Light,0.9103,0.0897
Tamil,HindMadurai-SemiBold,Kavivanar-Regular,0.9098,0.0902
Tamil,Lohit-Tamil,TiroTamil-Italic,0.9086,0.0914
Tamil,MuktaMalar-Light,TiroTamil-Italic,0.9078,0.0922
Tamil,HindMadurai-Medium,MuktaMalar-ExtraLight,0.9069,0.0931
Tamil,MuktaMalar-ExtraLight,"NotoSerifTamil-Italic[wdth,wght]",0.906,0.094
Tamil,Catamaran[wght],HindMadurai-Bold,0.9044,0.0956
Tamil,HindMadurai-SemiBold,Pavanam-Regular,0.9041,0.0959
Tamil,Coiny-Regular,"NotoSerifTamil-Italic[wdth,wght]",0.9034,0.0966
Tamil,Arima[wght],TiroTamil-Italic,0.9027,0.0973
Tamil,HindMadurai-Bold,Lohit-Tamil,0.9026,0.0974
Tamil,"NotoSerifTamil-Italic[wdth,wght]",Pavanam-Regular,0.9023,0.0977
Tamil,Arima[wght],HindMadurai-SemiBold,0.9012,0.0988
Tamil,Coiny-Regular,KarlaTamilInclined-Bold,0.901,0.099
Tamil,Coiny-Regular,MuktaMalar-Medium,0.8999,0.1001
Tamil,HindMadurai-Bold,Kavivanar-Regular,0.8992,0.1008
Tamil,HindMadurai-Bold,MuktaMalar-Light,0.8983,0.1017
Tamil,Coiny-Regular,MeeraInimai-Regular,0.8974,0.1026
Tamil,MuktaMalar-ExtraLight,TiroTamil-Italic,0.8943,0.1057
Tamil,HindMadurai-SemiBold,MuktaMalar-ExtraLight,0.8937,0.1063
Tamil,Pavanam-Regular,TiroTamil-Italic,0.8903,0.1097
Tamil,HindMadurai-Bold,Pavanam-Regular,0.8893,0.1107
Tamil,Arima[wght],HindMadurai-Bold,0.8834,0.1166
Tamil,Coiny-Regular,MuktaMalar-Regular,0.8811,0.1189
Tamil,HindMadurai-Bold,MuktaMalar-ExtraLight,0.8784,0.1216
Tamil,Coiny-Regular,KarlaTamilInclined-Regular,0.8772,0.1228
Tamil,Coiny-Regular,Lohit-Tamil,0.8736,0.1264
Tamil,Catamaran[wght],Coiny-Regular,0.8687,0.1313
Tamil,Coiny-Regular,MuktaMalar-Light,0.8641,0.1359
Tamil,Coiny-Regular,Kavivanar-Regular,0.8621,0.1379
Tamil,Coiny-Regular,Pavanam-Regular,0.8508,0.1492
Tamil,Coiny-Regular,MuktaMalar-ExtraLight,0.842,0.158
Tamil,Arima[wght],Coiny-Regular,0.8294,0.1706
Tamil,Coiny-Regular,Oi-Regular,0.7876,0.2124
Tamil,HindMadurai-Bold,Oi-Regular,0.7559,0.2441
Tamil,HindMadurai-SemiBold,Oi-Regular,0.7346,0.2654
Tamil,MuktaMalar-ExtraBold,Oi-Regular,0.7308,0.2692
Tamil,"AnekTamil[wdth,wght]",Oi-Regular,0.7217,0.2783
Tamil,MuktaMalar-Bold,Oi-Regular,0.7179,0.2821
Tamil,HindMadurai-Medium,Oi-Regular,0.7178,0.2822
Tamil,"NotoSansTamilUI[wdth,wght]",Oi-Regular,0.711,0.289
Tamil,BalooThambi2[wght],Oi-Regular,0.7108,0.2892
Tamil,HindMadurai-Regular,Oi-Regular,0.7084,0.2916
Tamil,"NotoSansTamil[wdth,wght]",Oi-Regular,0.7081,0.2919
Tamil,KarlaTamilUpright-Bold,Oi-Regular,0.7017,0.2983
Tamil,MeeraInimai-Regular,Oi-Regular,0.6995,0.3005
Tamil,MuktaMalar-SemiBold,Oi-Regular,0.6978,0.3022
Tamil,"NotoSerifTamil[wdth,wght]",Oi-Regular,0.6973,0.3027
Tamil,Oi-Regular,TiroTamil-Italic,0.6934,0.3066
Tamil,Oi-Regular,TiroTamil-Regular,0.6921,0.3079
Tamil,HindMadurai-Light,Oi-Regular,0.6881,0.3119
Tamil,Kavivanar-Regular,Oi-Regular,0.687,0.313
Tamil,KarlaTamilInclined-Bold,Oi-Regular,0.6852,0.3148
Tamil,"NotoSerifTamil-Italic[wdth,wght]",Oi-Regular,0.6823,0.3177
Tamil,MuktaMalar-Medium,Oi-Regular,0.6794,0.3206
Tamil,KarlaTamilUpright-Regular,Oi-Regular,0.6641,0.3359
Tamil,MuktaMalar-Regular,Oi-Regular,0.6629,0.3371
Tamil,Catamaran[wght],Oi-Regular,0.6543,0.3457
Tamil,Lohit-Tamil,Oi-Regular,0.6457,0.3543
Tamil,KarlaTamilInclined-Regular,Oi-Regular,0.6412,0.3588
Tamil,MuktaMalar-Light,Oi-Regular,0.6376,0.3624
Tamil,Oi-Regular,Pavanam-Regular,0.6279,0.3721
Tamil,MuktaMalar-ExtraLight,Oi-Regular,0.6078,0.3922
Tamil,Arima[wght],Oi-Regular,0.5863,0.4137
